<?xml version="1.0" encoding="UTF-8"?>
<project-private xmlns="http://www.netbeans.org/ns/project-private/1">
    <editor-bookmarks xmlns="http://www.netbeans.org/ns/editor-bookmarks/2" lastBookmarkId="0"/>
    <open-files xmlns="http://www.netbeans.org/ns/projectui-open-files/2">
        <group>
            <file>file:/Users/stefanocorsetti/NetBeansProjects/ERAMOProject/web/templates/listagiochi.html</file>
            <file>file:/Users/stefanocorsetti/NetBeansProjects/ERAMOProject/src/java/Controller/ListaGiochi.java</file>
            <file>file:/Users/stefanocorsetti/NetBeansProjects/ERAMOProject/src/java/Data/GiocoDao.java</file>
            <file>file:/Users/stefanocorsetti/NetBeansProjects/ERAMOProject/web/templates/index.html</file>
        </group>
    </open-files>
</project-private>
